Block Hash,Previous Hash,Transaction ID,Show Name,Number of Minutes,Producing Company,Lead Writer,Release Date
b59ed2f8630ad1c45dcd0ed5e3856ab97d04aa4f0532f1941657032637b9c74a,3034245531bccede90c049c8c24614e47ef662f47fa3f2a2619aa220ef78123d,0,Aaahh!!! Real Monsters,420,Savage Studios,Steve Marmel,1994-09-24
93ffb0c79abc486ef786566271569b5ce10ec837337f6c1c8ac362f1dd3d91dd,b59ed2f8630ad1c45dcd0ed5e3856ab97d04aa4f0532f1941657032637b9c74a,0,Animaniacs,2340,Warner Bros.,Paul Dini,1993-09-13
997b0b9d3134d219f674a8ca953815810878bd21e9be8fbc31d10ce99646205b,93ffb0c79abc486ef786566271569b5ce10ec837337f6c1c8ac362f1dd3d91dd,0,Bobby's World,520,Nickelodeon,Howie Mandel,1990-10-27
e174e36be692258ba67f9e24f2465c924f161f7fdea1051ac63add15bbc345dc,997b0b9d3134d219f674a8ca953815810878bd21e9be8fbc31d10ce99646205b,0,Doug,460,Nickelodeon,William Hanna and Joseph Barbera,1991-08-11
a0bcb17fa25807d33500490023c5a2bc0febc2332fb48f30ae3c86a644f36dd1,e174e36be692258ba67f9e24f2465c924f161f7fdea1051ac63add15bbc345dc,0,Ren & Stimpy,260,Spümcø,John Kricfalusi,1991-08-11
eacf7e3ba456490c56c572317f301a6aad704f2bd33534f589a27d97a3d27c7c,a0bcb17fa25807d33500490023c5a2bc0febc2332fb48f30ae3c86a644f36dd1,0,Rocko's Modern Life,495,United Video Concepts,Joe Murray,1993-09-09
cb6e52e5683203fe8cdfca507b72c187cdbdcf55b13e6f756289768f1d2b4cea,eacf7e3ba456490c56c572317f301a6aad704f2bd33534f589a27d97a3d27c7c,0,Rugrats,2940,Klasky-Csupo,Arnold Drake,1991-08-11
fab5606f8f9fda06429e560faddd0d5edc86d4f8248367b8829d729d439e5a2d,cb6e52e5683203fe8cdfca507b72c187cdbdcf55b13e6f756289768f1d2b4cea,0,The Simpsons,2210,Gracie Films,Matt Groening,1989-12-17
9061fb3654234435e8179eba6da11d64af14459313bca332cbdbc166d2f41775,fab5606f8f9fda06429e560faddd0d5edc86d4f8248367b8829d729d439e5a2d,0,Tom and Jerry,1425,Hanna-Barbera,William Hanna and Joseph Barbera,1940-02-10
